Title,Artist,Year
Gold Dust,Sandy Denny,2010-11-22
Stranger to Himself,Sandy Denny,2010-11-22
It’ll Take a Long Time,Sandy Denny,2010-11-22
One More Chance,Sandy Denny,2010-11-22
Secret Agent,Judie Tzuke,2010-03-16
Erase You,ESG,2010-10-18
Nutcracker Suite op. 71a: Waltz of the Flowers,Boston Pops Orchestra,2010-04-06
Fair Helen of Kirkconnell,Emily Smith,2010-02-02
You Go to My Head,Julie London,2010-06-23
บอกลา,Silly Fools,2010-07-13
Spring Cleaning,Neva Dinova,2010-03-23
Poison,Neva Dinova,2010-03-23
In a World Without Heroes,Grenadine,2010-06-10
Blue Moon,Oscar Peterson,2010-03-29
Pureyes,伊藤由奈,2010-12-13
Dawn,The John Whites,2010-12-31
These Hands,The John Whites,2010-12-31
My Dead Soldiers,The John Whites,2010-12-31
Head on Collision,Hawk Nelson,2010-06-04
Something on My Mind,Hawk Nelson,2010-06-04
Hello,Hawk Nelson,2010-06-04
Alive Overture,Israel & New Breed,2010-10-18
Alive,Israel & New Breed,2010-10-18
Tudor Bismarck (Speaking),Israel & New Breed,2010-10-18
This One Wish,Eleven Hundred Springs,2010-04-20
Not Forgotten (reprise),Israel & New Breed,2010-10-18
Turn It Around,Israel & New Breed,2010-10-18
Osram 527,Sun Electric,2010-06-07
O’Locco (Australiana),Sun Electric,2010-06-07
Dein Zug ist abgefahr'n,Nico Gemba,2010-06-11
メリーゴーランド,渡辺美里,2010-01-27
new deal,globe,2010-09-29
The Impeccable Blackout Thief,Eleventh He Reaches London,2010-10-19
Ajisai (Hydrangea),Lemongrass,2010-06-01
Two Italians… Red Bird,Monroe Gevedon and Family,2010-10-18
Le Rôle de sa vie,Elsa,2010-07-29
Four: VI: 1998,Bill Dixon,2010-09-28
Pyxis,Bill Dixon,2010-09-28
Es lebe der Sport,Rainhard Fendrich,2010-05-28
Play Another One,K,2010-12-01
It's Nature's Way (No Problem),Dollar,2010-07-21
Sneaking Suspicion,Eleven Hundred Springs,2010-04-20
La Mort d’amour,While Heaven Wept,2010-08-13
There I’ve Said It Again,Merle Haggard,2010-02-23
There’s Somebody Else on Your Mind,Merle Haggard,2010-02-23
"Avalanche! Oh, Avalanche",Gregory and the Hawk,2010-10-16
Melia8,Psilodump,2010-06-08
"In Two, the Weakly",Yppah,2010-03-26
Cannot See Straight,Yppah,2010-03-26
Bull Dog Sal,Clarence Ashley,2010-11-08
Faint of Heart,Vince Gill,2010-01-26
地下瀑布迷宮,山根ミチル,2010-03-24
Isabelle,Gregory and the Hawk,2010-10-16
My Old Flame,Peggy Lee,2010-09-29
I Wish I Didn't Love You So,Dinah Shore,2010-06-25
WINDOM,BEAT CRUSADERS,2010-10-06
Soldier (LA Session Version),globe,2010-09-29
What's the Matter?,Yppah,2010-03-26
The Subtleties That Count,Yppah,2010-03-26
Another Step (Closer to You) (extended mix),Kim Wilde,2010-07-19
"Eventually, All at Once",Joan of Arc,2010-09-14
Bernadette,Four Tops,2010-10-06
The Silence of the Daylight (昼の街BGM),コナミ矩形波倶楽部,2010-03-24
Liberty Ship,The La’s,2010-04-12
Doledrum,The La’s,2010-04-12
Bound to Cry,Shawn Camp,2010-09-28
Turn Loose of My Pride,Shawn Camp,2010-09-28
One of Them Days,Shawn Camp,2010-09-28
Trav'lin' Light,Sonny Rollins,2010-06-21
Dracula X: Rondo of Blood: Opus 13,コナミ矩形波倶楽部,2010-03-24
Losing Today,Slowdive,2010-11-05
Morningrise,Slowdive,2010-11-05
Granada,101 Strings,2010-05-18
How Do I Love You? (U.R.R. mix),Mark ’Oh,2010-02-12
Rock ’n’ Roll Gypsy,Helen Schneider,2010-11-19
Touch Me in the Morning,Caress,2010-12-10
Offertoria totius anni: Terra tremuit,Giovanni Pierluigi da Palestrina,2010-08-03
Motettorum liber secundus: Rorate Coeli,Giovanni Pierluigi da Palestrina,2010-08-03
Aikaan täysikuun,Kari Tapio,2010-01-11
Delfiinipoika,Kari Tapio,2010-01-11
Hasta el fin del mundo,La Barranca,2010-06-29
Hell Yeah!,San Quinn,2010-09-07
Guns & Rifles,Natural Snow Buildings,2010-02-05
Nuclear Winter,Natural Snow Buildings,2010-02-05
... I Came Down Here,Natural Snow Buildings,2010-02-05
悠久の風 -.333 mix-,muZik,2010-04-07
Night and Day (complete take),Bill Evans,2010-11-05
The Snake Pit,Betty X,2010-04-12
You Are in My System (extended album version),Robert Palmer,2010-11-30
No Jealousy,Soulphiction,2010-01-29
Angela,Soulphiction,2010-01-29
À cause,Avec pas d’casque,2010-12-13
Catfish Blues,B.B. King,2010-11-19
"Fix Up, Look Sharp",Dizzee Rascal,2010-09-28
I'm Coming Down With the Blues,Marcia Ball,2010-11-19
Resulta,Lucha Villa,2010-07-27
Elektrik Elefant,Soul Mekanik,2010-10-20
Let’s Get Married,Al Jarreau,2010-11-23
Forged in Flames,Siebenbürgen,2010-08-31
Never Can Last,Kirsty McGee,2010-03-14
Voimll,Boc Scadet,2010-01-26
Florida Hurricane,Muddy Waters,2010-05-17
Midnight Rail,Steve Young,2010-08-26
Roommate,The Special Guests,2010-06-25
Maneater,Ugly Hurons,2010-06-25
Human Scum,No Respect,2010-06-25
Dillinger Strikes Back,The Special Guests,2010-06-25
She Looked at Me,The Teenage Idols,2010-06-25
Iron in the Soul,Red Rider,2010-11-23
You Can’t Stop Progress,Clutch,2010-07-20
The Devil & Me,Clutch,2010-07-20
Moviestar,Die Tornados,2010-06-25
スノーダンサー襲来,有澤孝紀,2010-03-17
The Opposite of Up,Grey Skies Fallen,2010-08-30
Switchblades of Love,Steve Young,2010-08-26
Have a Laugh,Steve Young,2010-08-26
Liber primus Motettorum: Dum complerentur,Giovanni Pierluigi da Palestrina,2010-08-03
Liber primus Motettorum: Dum ergo essent,Giovanni Pierluigi da Palestrina,2010-08-03
Pain Junkie,Betty X,2010-04-12
Ultraviolence,Betty X,2010-04-12
You Can’t Change Your Mind,Joan of Arc,2010-09-14
Missa Papae Marcelli: Kyrie,Giovanni Pierluigi da Palestrina,2010-08-03
Missa Papae Marcelli: Benedictus,Giovanni Pierluigi da Palestrina,2010-08-03
Shoot 'em Up,Betty X,2010-04-12
Necrotic,Betty X,2010-04-12
Fork-Fed,Damsel,2010-10-24
The Right Way,Mark ’Oh,2010-01-29
Searching for Love,Mark ’Oh,2010-01-29
Sikoinerz,Malk de Koijn,2010-02-22
I’m So Lonesome I Could Cry,Jimmie Dale Gilmore,2010-11-29
High Moon,Star One,2010-07-16
Starchild,Star One,2010-07-16
The Eye of Ra,Star One,2010-07-16
Growing Up (Falling Down),The Living End,2010-09-03
Sleep on It,The Living End,2010-09-03
I’m Going All the Way,Sounds of Blackness,2010-06-27
State of Euphoria,Soulphiction,2010-01-29
Days of Feeling Sad,Soulphiction,2010-01-29
"One Hand, One Heart",Marina Prior,2010-11-16
Rock 'n' Roll Survivor,Anthem,2010-06-23
Empty Eyes,Anthem,2010-06-23
Lucky Bastard (Disaster dub),DJ T.,2010-11-19
バイマイメロディー -HALFBY’s music for momo REMIX-,平井堅,2010-11-10
Wildflower,Nostalgia 77,2010-12-12
…,pg.lost,2010-05-24
The French Song,Joan Jett and the Blackhearts,2010-03-09
Länger,Höhner,2010-10-29
Crossing the Lowlands,Gerard K. Marino,2010-03-17
Rich,Kirsty McGee,2010-03-14
FREEDOM,BEAT CRUSADERS,2010-10-06
DROOG IN A SLUM,TROPiCAL GORiLLA,2010-10-06
Machine Made Dog,Anthem,2010-06-23
No More Night,Anthem,2010-06-23
Taste o' Auld an' Noo,Saor Patrol,2010-03-22
She's Leaving Home,Nestor Torres,2010-03-30
"Aqui, alla, y en todas partes (Here, There and Everywhere)",Ilan Chester,2010-03-30
Of Blood and Magic,Siebenbürgen,2010-08-31
Harvest for the Devil,Siebenbürgen,2010-08-31
You Bring Me Joy,Hedvig Hanson,2010-05-18
Doktor Kosmos lägger upp en mediestrategi,Doktor Kosmos,2010-06-28
Doktor Kosmos släpper en skiva,Doktor Kosmos,2010-06-28
"Doktor Kosmos är på släppfest för P.F. Commandos nya skiva ""Manipulerade mongon"" i Gävle",Doktor Kosmos,2010-06-28
Potter’s Field,Jack Hardy,2010-10-20
Hanunpa (Double-Drumming),Rüdiger Maul,2010-07-30
Geto Star,Nutt‐So,2010-10-06
Rise of the Leviathan,Annotations of an Autopsy,2010-11-23
Deities,Annotations of an Autopsy,2010-11-23
Prosthetic Erection,Annotations of an Autopsy,2010-11-23
Keeper of the Plaguelands,Annotations of an Autopsy,2010-11-23
Before the Throne of Infection,Annotations of an Autopsy,2010-11-23
アイデンティティー,My Little Lover,2010-05-05
The Army’s Tired Now,They Might Be Giants,2010-06-18
Oranges Testimonial,They Might Be Giants,2010-06-18
Mosh Momken Abadon,They Might Be Giants,2010-06-18
Requiem,Sasha,2010-05-28
Cloud Cuckoo,Sasha,2010-05-28
Young Hearts,Commuter,2010-05-11
High Note,The Warner Bros. Symphony Orchestra,2010-02-16
When Sunny Gets Blue,Nat King Cole,2010-07-05
This Is All I Ask,Nat King Cole,2010-05-28
No Shelter,Broken Edge,2010-05-11
Rhythm Man,St. Regis,2010-05-11
It's Ranin,Kirk Franklin,2010-03-22
When Joanna Loved Me,Matt Monro,2010-01-25
Feel the Night,Baxter Robertson,2010-05-11
You Are the Only One,Kirk Franklin,2010-03-22
My Best Girl,Matt Monro,2010-01-25
Bury-It-Yourself Time Capsules,Ken Nordine,2010-11-01
Gangster,Bucfifty,2010-01-05
Ball Park Skank,Mustard Plug,2010-09-27
Grow Up,Mustard Plug,2010-09-27
Hanging With the Wrong Crowd,Ed Harcourt,2010-03-09
E.S.P.,Cacophony,2010-11-10
Gotta Girlfriend,Screeching Weasel,2010-12-04
Bad Man,Bucfifty,2010-01-05
On My Own,Bucfifty,2010-01-05
Life Ain’t Fair,Bucfifty,2010-01-05
Gum,Mustard Plug,2010-09-27
Summertime,Mustard Plug,2010-09-27
Alone,Mustard Plug,2010-09-27
Fuck You Up and Get High,Dwarves,2010-07-04
Back Seat of My Car,Dwarves,2010-07-04
Tennessee Waltz With Me,David Allan Coe,2010-10-21
Red Queen (remixed by The Cheshire Cat),Funker Vogt,2010-04-27
Red Queen (remixed by The White Rabbit),Funker Vogt,2010-04-27
You Can’t Measure the Cost,Bread,2010-03-04
I Don’t Speak the Language (reprise),Matthew Wilder,2010-03-19
Permafrost,Thomas Köner,2010-08-16
Dictator,Centerfold,2010-03-05
Call the Kiss,The White Octave,2010-12-08
Donna,Homo Sapiens,2010-01-09
Primal,Slowdive,2010-11-05
Pack It Up,Freddie King,2010-11-15
Texas Flyer,Freddie King,2010-11-15
She’s a Burglar,Freddie King,2010-11-15
Sugar Sweet,Freddie King,2010-11-15
"Love Is in the Air, and Is Floating Away",Dead Red Sea,2010-12-08
Fire on the Mountain,Tangerine Dream,2010-05-28
Je suis fou,Les Baronets,2010-04-06
Compañeiro,Os Resentidos,2010-03-22
Sid’s Ahead,Joshua Redman,2010-02-16
Radio scapolo d'oro,Ex-Otago,2010-04-12
Song for Sasha,Ex-Otago,2010-04-12
BABYFACE,BEAT CRUSADERS,2010-10-06
Watusa,Sun Ra Arkestra,2010-06-18
Näkysi muotoinen,Apulanta,2010-03-01
Tension,Dominique Leone,2010-04-02
Teil 2,Hans Söllner,2010-02-04
Conversational,Dominique Leone,2010-04-02
Doctor Jokes,Garrison Keillor,2010-03-12
Wicked Warp (remix),Mandra Gora,2010-03-23
Braille Wounds,Cepia,2010-10-02
Dot,Cepia,2010-10-02
Untitled II,Cepia,2010-10-02
Pain Killer,Alter Der Ruine,2010-04-01
Don't Wanna Be a Player,Joe,2010-09-27
You Are That Special One,Marvin Gaye,2010-11-02
Fundamental,Sasha,2010-05-28
Magnetic North,Sasha,2010-05-28
Boileroom,Sasha,2010-05-28
Preppie Girl,Mad Caddies,2010-07-20
"Dialogue: ""D'You Work Here, Kid?""",[dialogue],2010-08-10
Hallucinations,Roy Budd,2010-08-10
100.000 Engel,Alkbottle,2010-06-18
Home Is Not a House,Candy Dulfer,2010-10-15
"Dialogue: ""It's Carter.""",[dialogue],2010-08-10
Every Now and Then,Marvin Gaye,2010-04-01
Manifest Destiny,Bucfifty,2010-01-05
Glock and a Dream,Bucfifty,2010-01-05
I’m Rollin’,Bucfifty,2010-01-05
Death Appeal,Bucfifty,2010-01-05
No Hope,Mad Caddies,2010-07-20
The Gentleman,Mad Caddies,2010-07-20
Bats‐toi,Elsa,2010-07-29
to stanford,コトリンゴ,2010-03-10
I Tell Myself,The Seeds,2010-11-24
More Than Fake,Ladi6,2010-07-20
Lonely Nights (live),White Lion,2010-01-12
"Wha ! Wha ! (Je suis un chien, nous sommes des chiens, vous êtes des chiens !)",Plastic Bertrand,2010-08-18
Mysteries of the World,MFSB,2010-04-06
We Bop,Art Ensemble of Chicago,2010-09-22
Öppna ögon,Janne Schaffer,2010-11-17
HIT IN THE D.M.C,BEAT CRUSADERS,2010-10-06
Scenes Of Old,Heathendom,2010-07-16
Des Sommers Wilde Jagd: Seht die Sonne (Chor),Simon Halsey,2010-09-06
Duluth,Trampled by Turtles,2010-03-16
Boy on a Dolphin,Julie London,2010-07-23
So This Is Responsibility,The Decay,2010-01-31
Are You Lonesome Tonight?,Elvis Presley,2010-02-16
Neondimma,Janne Schaffer,2010-11-17
Marsch från tornhuven,Janne Schaffer,2010-11-17
You Are So Beautiful,Escape the Fate,2010-04-27
Hammer of the Gods,Faderhead,2010-02-26
Friend,安全地帯,2010-03-03
Ready or Not,The Decay,2010-01-31
Your Song,Billy Paul,2010-11-24
Hammock Swinging,Trampled by Turtles,2010-03-16
The Battlefield of Life,Leather,2010-11-16
The Invisible Man,Guy Mantzur,2010-02-10
Tripmaker,The Seeds,2010-11-24
Pictures and Designs,The Seeds,2010-11-24
Just Let Go,The Seeds,2010-11-24
Before You Accuse Me (outtake),Creedence Clearwater Revival,2010-12-22
Simon Diamond,The Coral,2010-08-30
The End of Summer Song,The Billionaires,2010-05-07
NYCab,The Billionaires,2010-06-07
Come Undone,Anna Abreu,2010-02-19
Take Five (Take Another Five),"Grover Washington, Jr.",2010-05-18
Theater of the Absurd,Decadence,2010-09-19
Un día en el parque,Love of Lesbian,2010-03-09
台風,くるり,2010-05-26
ギター,くるり,2010-05-26
A la buena de Dios,Grupo Caribe,2010-08-12
Numara,Bulutsuzluk Özlemi,2010-06-30
Windsurfin',Surfers,2010-06-16
Hey! Amigo Charly Brown,Dieter Thomas Kuhn,2010-11-19
恋月夜,森進一,2010-09-01
The Modern Poster,1000 Arms,2010-06-03
Higher High,Epica,2010-06-25
Whoever You Are,Betty Buckley,2010-08-17
Greystoke,John Scott,2010-09-21
Half of Me Is Wild,John Scott,2010-09-21
Jeg bringer håb,Gnags,2010-10-25
Yıldızların Altında,Zeki Müren,2010-09-27
The Key (Kingdom remix),Mikix the Cat,2010-07-26
Haunted,John Foxx & Louis Gordon,2010-11-29
Nebula,Piotrek Gruszka,2010-10-18
Pulsar,Piotrek Gruszka,2010-10-18
Aurora,Piotrek Gruszka,2010-10-18
Zeta Reticuli,Piotrek Gruszka,2010-10-18
Gates of Inception,We Are the Illusion,2010-09-16
The Podium,We Are the Illusion,2010-09-16
Come With Me (ATFC’s Motherlode mix),Smashing Sebastian,2010-04-19
ひ弱な遠吠え,豚乙女,2010-10-11
囲い無き世は一期の月影,豚乙女,2010-10-11
Martians Don't Surf,The Blue Giant Zeta Puppies,2010-10-25
幻想のサテライト,豚乙女,2010-12-30
ミッドナイト,豚乙女,2010-08-14
Frozen Heart,FM,2010-11-12
Grieving Man Blues,The Blue Giant Zeta Puppies,2010-09-23
かさなる影,豚乙女,2010-12-30
雨上がり,豚乙女,2010-08-14
哀れな見無し子,豚乙女,2010-12-30
灰色,豚乙女,2010-12-30
The Reapers Song,The Blue Giant Zeta Puppies,2010-09-23
Goldfish Moments,No Profile,2010-02-16
Under My Wheels (live),Hanoi Rocks,2010-11-12
The Bitter,No Profile,2010-02-16
Ditch the Bitch,No Profile,2010-02-16
Loop‐the‐Loop (プロモーションビデオ),KOTOKO,2010-10-20
Come on Feel the Noise,Lucky Uke,2010-08-10
Appetizer,Vito Genovese,2010-05-16
Die Reise nach Batumi (orchestra version),Quadro nuevo,2010-10-01
I Can't Stand Pop Bands,MiMi Soya,2010-06-10
ジャケット&PV撮影メイキング映像,℃‐ute,2010-02-24
A Girl Like You,Adrenalin Drum,2010-03-14
Die Abenteurer,Quadro nuevo,2010-10-01
Chaos Galaxy 3000 (remix),Adrenalin Drum,2010-03-14
E-Ternal Love,Adrenalin Drum,2010-03-14
Samba para Parapente,Quadro nuevo,2010-10-01
バンビ,Diggy‐MO’,2010-07-07
Here I Go Again,Lucky Uke,2010-08-10
ウィリアム・テル序曲 (Long Version),W.T. Orchestra,2010-04-21
Intro,CNBLUE,2010-03-20
Mosaïque Tunisienne: Afternoon,Quadro nuevo,2010-10-01
voice,CNBLUE,2010-03-20
Zlatni padobran,S3ngs,2010-10-20
A Beautiful Sigh,MF/MB/,2010-10-13
Moon Zither,Colorpulse,2010-01-19
Snatches of Sunshine,Dailysoap,2010-10-08
The Healer,Sander Kleinenberg,2010-11-08
Wish I Said,Sander Kleinenberg,2010-11-08
What I Am,Nitrogenetics,2010-04-08
The Window,MF/MB/,2010-10-13
Bloody Moan,Dailysoap,2010-10-08
Closer,Sander Kleinenberg,2010-11-08
Amber Wing,Élément Kuuda,2010-11-12
Vol. 124,Élément Kuuda,2010-11-12
Raged core‐beat ver1.01,TERRA,2010-11-26
Saltanah,Riad Abdel-Gawad,2010-09-22
...monolith...,My Cats a Stargazer,2010-10-10
Kiss the Sun,Detroit Social Club,2010-02-28
Moving Closer to the Sofa,The Limp Twins,2010-05-17
Prologue (Badiyah),Riad Abdel-Gawad,2010-09-22
SdrawkcaB,Beat Bizarre,2010-10-12
...waveout...,My Cats a Stargazer,2010-10-10
Soviel mehr,Drew Sarich,2010-01-22
Circles,Richard Earnshaw,2010-08-02
Last Ones Standing (Ed Sheeran remix),Example,2010-09-12
Zeit zu handeln,Drew Sarich,2010-01-22
Leave Yourself an Out,Vacant Fever,2010-04-20
Lights Out,Kevin Moore,2010-12-10
Der Ball,Drew Sarich,2010-01-22
Korkma,Kevin Moore,2010-12-10
Mezar Isimleri,Kevin Moore,2010-12-10
Outro,Gary Clark Jr.,2010-03-29
Rolling,Wolves of Isle Royale,2010-01-26
Won't Get Fooled Again,Hayseed Dixie,2010-03-10
Basta de peleas,Nouvelle Cuisine,2010-01-01
Jenny,The Harters,2010-01-25
Now Sleep,Wolves of Isle Royale,2010-02-02
Sabbath Bloody Sabbath,Hayseed Dixie,2010-03-10
L'Ultima Della Serra,Sir J,2010-01-04
Einz Swei Drei,Modo,2010-01-04
Magic Fett,Unconditional,2010-01-04
Take My Body,K Mono,2010-01-04
The Invisible City,BJ Nilsen,2010-01-01
Elle chante,Thierry de Cara,2010-01-25
Cântec de piele,Nicu Alifantis,2010-01-11
Cântec de șemineu,Nicu Alifantis,2010-01-11
One,Metallica,2010-02-01
Of Wolf and Man,Metallica,2010-02-01
"Damage, Inc.",Metallica,2010-02-01
[encore jam],Metallica,2010-02-01
Look to Pass,Number One Gun,2010-02-26
わかってる,東京60WATTS,2010-01-27
SLUTS!,Woodhands,2010-01-26
Noises,Number One Gun,2010-02-26
Drugwolf,Crime in Stereo,2010-02-23
Drive You,mrSimon,2010-02-01
MISTERCQNZR IS A MOTHER FUCKER,mrSimon,2010-02-01
Forever alone,mrSimon,2010-02-01
You what?,mrSimon,2010-02-01
THANK YOU FOR THE MUSIC,東京60WATTS,2010-01-27
I Should Have Gone With My Friends,Woodhands,2010-01-26
Don’t Forget Whose Legs You’re On,Arctic Monkeys,2010-03-08
I Am Everything I Am Not,Crime in Stereo,2010-02-23
Someday We'll All Be Free,Bobby Womack,2010-07-26
"Love, the Hardest Way",HIM,2010-02-08
Zine li atak Allah,Faudel,2010-01-18
Bliver ved med at gå,Michael Falch,2010-01-18
Gallows Hill,Ash,2010-01-15
365,Boo-Dooh,2010-02-16
Seven Days,Dorothy Collins,2010-01-08
What Is This Thing Called Love,Dorothy Collins,2010-01-08
Kosmic Lovers,BFlecha,2010-03-01
Hjem gennem natten,Michael Falch,2010-01-18
Caben muchos mundos,Boo-Dooh,2010-02-16
Love Me as Though There Were No Tomorrow,Dorothy Collins,2010-01-08
Impossible,Dorothy Collins,2010-01-08
No Rock 'n' Roll Tonight,Dorothy Collins,2010-01-08
¡Ya basta!,Ska'n'Ska,2010-02-01
When Your Lover Has Gone,Dorothy Collins,2010-01-08
Singin' in the Rain,Dorothy Collins,2010-01-08
Chapter I,Ska'n'Ska,2010-02-01
Despierta,Boo-Dooh,2010-02-16
One God,Dorothy Collins,2010-01-08
Sorry Suzanne,The Hollies,2010-02-22
The Baby (2009 live recording),The Hollies,2010-02-22
Let's Get Wild,Boo-Dooh,2010-02-16
This Could Be the Start of Something,Dorothy Collins,2010-01-08
we are going,moremoney,2010-02-10
Sidi Boumediene,Faudel,2010-01-18
Party Vodka,Ska'n'Ska,2010-02-01
Monument,æon sable,2010-02-15
Listen to Me,The Hollies,2010-02-22
FRA,Ska'n'Ska,2010-02-01
Down Pressure,Ska'n'Ska,2010-02-01
−27,Mika Vainio,2010-02-12
Satellite,Emerald Park,2010-02-16
Gipsy Train,Ska'n'Ska,2010-02-01
Berns,Mika Vainio,2010-02-12
Ceja de Carnival,BFlecha,2010-03-01
Arpa Buğday Daneler,Fatih Erkoç,2010-01-19
Kalenin Dibinde,Fatih Erkoç,2010-01-19
Arpa Buğday Daneler (remix),Fatih Erkoç,2010-01-19
Hallucinations (Mark Hoppus Octopus remix),Angels & Airwaves,2010-02-14
Leon Come Home,Undersea Poem,2010-02-09
Intro,Immolation,2010-03-05
Ants,Undersea Poem,2010-02-09
Çayelinden Öteye,Fatih Erkoç,2010-01-19
Divine Code,Immolation,2010-03-09
Baby Pop,Sara Forestier,2010-01-04
Aux armes et cætera,Éric Elmosnino,2010-01-04
Feuerroter Mond,Wintermond,2010-01-29
Burnt Sugar,Rohan,2010-02-16
Blue Skies,Undersea Poem,2010-02-09
R 34,A.n.K.h //,2010-02-17
Death 9000 (Prof & P.O.S. Broadcasting version),Mux Mool,2010-02-02
Introduction to Rain,Undersea Poem,2010-02-09
Evleri Var,Fatih Erkoç,2010-01-19
Teal Trim (edit),Mux Mool,2010-02-02
The World Is...,Matthew Ryan,2010-02-16
Once You Say (Collapsed System remix),Nitzer Ebb,2010-01-22
Deine Welt,Wintermond,2010-01-29
Sisyphean Rock 'n' Roll,Ruth Theodore,2010-02-15
Awake,Architect,2010-02-13
Boss Worm,Pixelord,2010-02-01
Liberty City,Lennon,2010-02-03
No me guardes rencor,Sierra Maestra,2010-03-01
Sangre negra,Sierra Maestra,2010-03-01
Cherry Soda,Jaguar Love,2010-03-02
Nugudjugu,Adama Yalomba,2010-02-01
Bendito hechizo,Sierra Maestra,2010-03-01
Polaroids and Red Wine,Jaguar Love,2010-03-02
Don't Die Alone,Jaguar Love,2010-03-02
11th June 2008,Mika Vainio,2010-01-26
"A Prostitute, An Angel",Jaguar Love,2010-03-02
Top,Kirill Kara-Banchuk,2010-02-17
Bien o mal,Julieta Venegas,2010-01-10
La vida sin ti,Sierra Maestra,2010-03-01
Be Free,Live Element,2010-01-25
Joy Construction,Kuedo,2010-02-15
These Hopeful Machines (B side),BT,2010-02-02
Atheos,Another Electronic Musician,2010-02-09
Ein Abend In Acryl,Plan B,2010-02-12
Come to Me (Elfsong remix),East Cafe,2010-01-17
Sombrero Negro,Analog Rebellion,2010-01-26
Fore,Night Control,2010-01-12
Fleshflower,Borknagar,2010-02-22
Das Meer,Unheilig,2010-11-19
Seenot,Unheilig,2010-02-19
Ü40,Nette Rabenväter,2010-02-10
Wish you Were Here,CRAZY DIAMOND,2010-02-20
Sternbild,Unheilig,2010-02-19
Comfortably Numb,CRAZY DIAMOND,2010-02-20
素顔でフォーリンラブ (instrumental),DY-T,2010-01-27
Climbing Final,OGDEN YAZA,2010-02-16
Lipstick Factor,OGDEN YAZA,2010-02-16
Get Away,Number H,2010-02-26
"Fission Ships, Part 1",Radio Massacre International,2010-01-16
I'm For Real,Sanchez,2010-02-09
Extraordinary,Sanchez,2010-02-09
Release That Property,Sanchez,2010-02-09
Melodification,yan_g,2010-02-07
"Laugh at Sex, Not Her",Strange Boys,2010-02-22
You Stopped Making Sense,The Radio Dept.,2010-04-21
Moving On,Unter Null,2010-02-26
The Rules,Big Noyd,2010-02-02
Intermission,Rob Swift,2010-02-23
Body Shopping (Pete Hammond Hi-Nrg remix),Sinitta,2010-01-11
Where My Gz,Big Noyd,2010-02-02
Holier Than,Nina Jankowicz,2010-02-04
Vengeance/Guide My Hand,Baltimore Rock Opera Society,2010-02-19
Ultimo,Rob Swift,2010-02-23
Plomo,Legendario,2010-02-16
Ten More Kisses,Nina Jankowicz,2010-02-04
Journey to Descent,Unter Null,2010-02-26
The God's Nostrils (interlude),Baltimore Rock Opera Society,2010-02-19
Hear Ye!,Baltimore Rock Opera Society,2010-02-19
The Worst Is Yet to Come,So So Modern,2010-03-01
The Fall (Detritus remix),Unter Null,2010-02-18
Iso moottori,Tapani Sysimetsä,2010-02-25
Gelin Olmuş,Hayko Cepkin,2010-02-20
Moon Jam,White Hinterland,2010-03-09
Uno,RMNVN,2010-02-10
Dendrons,So So Modern,2010-03-01
Give Everything,So So Modern,2010-03-01
Welcome to Daytrotter,Constantines,2010-02-18
Do I Have To,Pet Shop Boys,2010-02-15
Gears,Culture Shock,2010-07-02
Popcorn,Muse,2010-02-22
Aşıksın,Sibel Can,2010-01-10
Asla,Sibel Can,2010-01-10
Ağladım Olmadı,Sibel Can,2010-01-10
Chapter 02,[dialogue],2010-01-27
Tövbe,Sibel Can,2010-01-10
Chapter 07,[dialogue],2010-01-27
One Life,Gamma Ray,2010-02-17
The Channon,High Places,2010-03-23
Devil's Harlot,Ov Hell,2010-03-01
Same Change,Liléa Narrative,2010-01-12
Star Dust (interlude),Lucas Skunkwalker,2010-03-10
Parabrahman,Lucas Skunkwalker,2010-03-10
No Weed in da House,Lucas Skunkwalker,2010-03-10
XB 1,Lucas Skunkwalker,2010-03-10
Pebble Beach / Dolores Park,George Winston,2010-02-02
My Territory,Lucas Skunkwalker,2010-03-10
Waterbound,Michael McGoldrick,2010-03-01
Joy,Lucinda Williams,2010-01-19
I Can See,Robert Pollard,2010-02-16
Face Down,Robert Pollard,2010-02-16
The Escape Artist,Fair,2010-02-09
Take Some Risks,Fair,2010-02-09
The Balcony: II. Leaf Critter (Katydid),Flautissimo,2010-02-12
Tanti Anni Prima (feat. Robin Soldan),Flautissimo,2010-02-12
Funniest Dress,Pasta & Patate,2010-02-01
Dance of the Comedians,Flautissimo,2010-02-12
Air from Suite in D,Flautissimo,2010-02-12
Tonacayotica (feat. Ashkelon Sain) (remix),Soriah,2010-02-02
Child of Entertainment (Clubbed),Diorama,2010-02-05
Abschied von Ridgelake,Die drei ???,2010-02-05
Aufklärung,Die drei ???,2010-03-12
Falling Behind,Asiago,2010-03-08
流星とバラード -Instrumental-,東京スカパラダイスオーケストラ,2010-01-27
Die Erde bebt,Die drei ???,2010-03-12
Kissing an Ashtray,One Year Experiment,2010-02-11
Thin Ice,Asiago,2010-03-08
Time Is Over,Stake-Off the Witch,2010-01-22
Ein hübscher kleiner Einbruch,Die drei ???,2010-03-12
Falsche Prognose,Die drei ???,2010-03-12
Last Ticket (radio edit),Asiago,2010-02-11
Randale,Kraftklub,2010-02-13
Sally Took the Ivory,Trevor Moss & Hannah-Lou,2010-02-15
South Dakota,Magic Man,2010-01-25
Sikhwele,Aba-Lilizeli,2010-03-01
Girls Like Me (Django’s Theme),Dotschy Reinhardt,2010-01-22
Future Tense,Lali Puna,2010-04-02
Polygons,Magic Man,2010-01-25
Maphuthi,The Mgababa Queens,2010-03-01
Gbrr Mani (Trouble),Sierra Leone’s Refugee All Stars,2010-03-23
Darling,Magic Man,2010-01-25
Darling (reprise),Magic Man,2010-01-25
Home,She & Him,2010-03-23
Multin,Gipsy.cz,2010-01-22
Ridin’ in My Car,She & Him,2010-03-23
Rest Your Head,Lali Puna,2010-04-02
Time Is Coming,Signal Aout 42,2010-01-22
